domain,status,http_status,registration_date
orba.dev,available,404,
orbe.app,available,404,
orbe.dev,available,404,
orbi.app,available,404,
orbi.dev,available,404,
orbo.app,available,404,
orbo.dev,available,404,
orbu.app,available,404,
orbu.dev,available,404,
orbis.app,available,404,
orbis.dev,available,404,
orbisb.com,available,404,
orbisd.com,available,404,
orbisj.com,available,404,
orbisl.com,available,404,
orbisq.com,available,404,
orbisw.com,available,404,
ioorbis.com,available,404,
kaorbis.com,available,404,
luorbis.com,available,404,
orbisor.com,available,404,
ororbis.com,available,404,
orbisino.com,available,404,
orbisova.com,available,404,
orbisria.com,available,404,
